recipient_id,recipient_type,recipient_latitude,recipient_longitude,recipient_capacity,accepts_veg,accepts_nonveg,pickup_available,min_food_required,max_distance_km
R001,FOOD_BANK,10.929752,76.993726,350,1,1,1,40,15
R002,FOOD_BANK,11.088582,76.941869,400,1,1,1,25,8
R003,FOOD_BANK,11.036567,76.920159,300,1,1,1,40,8
R004,FOOD_BANK,11.030506,77.02175,350,1,0,1,60,8
R005,FOOD_BANK,11.070808,77.000467,400,1,1,1,30,6
R006,FOOD_BANK,11.071337,76.997418,180,1,1,1,40,15
R007,FOOD_BANK,10.953647,76.979401,350,1,1,1,50,8
R008,FOOD_BANK,11.007782,76.873074,350,1,1,1,40,6
R009,FOOD_BANK,11.035475,77.018124,200,1,1,1,75,15
R010,FOOD_BANK,11.013706,76.936718,500,1,1,1,30,10
R011,FOOD_BANK,11.031302,77.041945,350,1,1,1,60,6
R012,FOOD_BANK,10.991543,76.851715,300,1,1,1,20,8
R013,FOOD_BANK,10.997835,76.963916,350,1,1,1,30,8
R014,FOOD_BANK,10.969875,76.928412,350,1,1,1,40,15
R015,FOOD_BANK,10.998013,77.032486,120,1,1,1,75,18
R016,FOOD_BANK,10.91709,76.982611,350,1,1,1,60,8
R017,FOOD_BANK,11.017238,76.837799,500,1,1,1,60,12
R018,FOOD_BANK,11.033443,76.984609,300,1,0,1,20,6
R019,FOOD_BANK,10.978431,76.99707,150,1,1,1,25,12
R020,FOOD_BANK,10.980675,76.991318,120,1,0,1,25,8
R021,FOOD_BANK,11.026716,76.853024,200,1,1,1,25,15
R022,FOOD_BANK,11.008467,76.858868,180,1,1,1,30,12
R023,FOOD_BANK,11.067518,77.033737,250,1,1,1,30,8
R024,FOOD_BANK,10.995209,76.955337,100,1,1,1,50,12
R025,FOOD_BANK,11.064094,76.948971,400,1,1,1,75,18
R026,FOOD_BANK,11.077481,76.979058,120,1,0,1,50,6
R027,FOOD_BANK,10.99906,76.98453,100,1,0,1,30,6
R028,FOOD_BANK,11.08297,76.957199,500,1,1,1,30,12
R029,FOOD_BANK,11.006256,76.917282,200,1,0,1,60,15
R030,FOOD_BANK,11.039951,77.043483,180,1,1,1,75,8
R031,FOOD_BANK,10.940331,76.930152,250,1,1,1,30,12
R032,FOOD_BANK,10.961916,76.996051,300,1,1,1,25,8
R033,FOOD_BANK,10.907708,76.987427,400,1,0,1,40,10
R034,FOOD_BANK,10.933246,76.91673,300,1,1,1,75,8
R035,FOOD_BANK,11.005659,76.957081,500,1,0,1,25,6
R036,FOOD_BANK,11.039233,77.037241,180,1,1,1,20,6
R037,NGO,11.000097,76.871592,200,1,0,1,0,15
R038,NGO,11.057645,77.04603,100,1,1,1,0,15
R039,NGO,11.112771,76.941297,80,1,0,1,0,15
R040,NGO,11.077527,76.976975,60,1,1,1,0,15
R041,NGO,11.020484,77.068669,120,1,1,1,0,15
R042,NGO,10.996123,76.965899,75,1,1,1,0,15
R043,NGO,11.032353,76.968259,120,1,1,1,0,15
R044,NGO,10.991885,76.990569,60,1,0,1,0,15
R045,NGO,10.944544,76.979626,40,1,1,1,0,15
R046,NGO,11.03532,76.96968,50,1,0,1,0,15
R047,NGO,10.948704,77.00128,200,1,0,1,0,15
R048,NGO,11.057634,76.973017,250,1,1,1,0,15
R049,NGO,11.082,76.990118,200,1,1,1,0,15
R050,NGO,11.041148,77.014453,180,1,0,1,0,15
R051,NGO,10.961994,76.921525,120,1,1,1,0,15
R052,NGO,10.949148,76.902044,40,1,0,1,0,15
R053,NGO,11.001509,77.017312,250,1,1,1,0,15
R054,NGO,10.992456,76.917474,200,1,0,1,0,15
R055,NGO,10.989074,76.971947,150,1,1,1,0,15
R056,NGO,11.046451,76.888718,120,1,1,1,0,15
R057,NGO,11.013714,76.896117,60,1,1,1,0,15
R058,NGO,11.044285,76.99815,60,1,1,1,0,15
R059,NGO,10.946464,76.967626,60,1,1,1,0,15
R060,NGO,11.075079,76.981996,40,1,0,1,0,15
R061,NGO,10.996054,76.864653,40,1,1,1,0,15
R062,NGO,11.097908,76.991822,80,1,0,1,0,15
R063,NGO,11.00096,76.956294,200,1,0,1,0,15
R064,NGO,11.019483,77.032452,60,1,1,1,0,15
R065,NGO,10.969044,76.961977,180,1,1,1,0,15
R066,NGO,11.064176,76.963349,120,1,0,1,0,15
R067,NGO,11.041648,77.017067,180,1,1,1,0,15
R068,NGO,11.033,76.841178,180,1,0,1,0,15
R069,NGO,11.019827,77.006835,200,1,1,1,0,15
R070,NGO,11.00895,76.982832,100,1,1,1,0,15
R071,NGO,11.01227,76.928148,60,1,1,1,0,15
R072,NGO,11.016329,76.845338,250,1,0,1,0,15
R073,NGO,11.055782,76.867067,180,1,1,1,0,15
R074,NGO,11.052052,76.880485,250,1,1,1,0,15
R075,NGO,10.946154,76.960857,120,1,0,1,0,15
R076,NGO,11.005115,76.870368,50,1,0,1,0,15
R077,NGO,11.021303,77.050329,150,1,0,1,0,15
R078,NGO,10.960637,76.974029,100,1,1,1,0,15
R079,NGO,10.979008,76.977548,250,1,1,1,0,15
R080,NGO,11.006411,76.903012,50,1,0,1,0,15
R081,NGO,11.006904,76.896341,75,1,1,1,0,15
R082,NGO,10.926687,76.982445,150,1,0,1,0,15
R083,NGO,11.048239,76.905998,120,1,1,1,0,15
R084,NGO,11.032741,77.049457,80,1,1,1,0,15
R085,NGO,11.08813,76.948347,50,1,1,1,0,15
R086,NGO,11.003612,76.964368,100,1,0,1,0,15
R087,NGO,11.045743,76.907648,75,1,0,1,0,15
R088,NGO,10.975209,77.051916,40,1,0,1,0,15
R089,NGO,11.032373,77.019287,40,1,1,1,0,15
R090,NGO,10.96531,76.904554,80,1,1,1,0,15
R091,NGO,11.008782,77.025358,50,1,0,1,0,15
R092,NGO,11.044914,76.905894,50,1,0,1,0,15
R093,NGO,10.964782,76.951669,100,1,0,1,0,15
R094,NGO,11.060926,77.018643,50,1,1,1,0,15
R095,NGO,11.085787,76.952733,150,1,1,1,0,15
R096,NGO,11.028388,76.923499,250,1,0,1,0,15
R097,NGO,10.914195,76.949189,100,1,1,1,0,15
R098,NGO,11.05394,76.961166,80,1,1,1,0,15
R099,NGO,10.897905,76.956454,50,1,1,1,0,15
R100,NGO,11.03497,76.938284,75,1,1,1,0,15
R101,NGO,11.05457,77.05428,150,1,1,1,0,15
R102,NGO,11.026939,76.970836,75,1,0,1,0,15
R103,NGO,11.013321,76.996693,60,1,0,1,0,15
R104,NGO,11.122467,76.92657,80,1,1,1,0,15
R105,NGO,10.980298,76.934381,180,1,1,1,0,15
R106,NGO,11.012111,77.034302,75,1,0,1,0,15
R107,NGO,10.973743,76.935486,80,1,1,1,0,15
R108,NGO,11.08074,76.950706,40,1,0,1,0,15
R109,NGO,11.029882,77.043934,120,1,0,1,0,15
R110,NGO,11.051228,76.872849,50,1,1,1,0,15
R111,NGO,11.047062,76.964365,200,1,1,1,0,15
R112,NGO,11.005344,76.861947,50,1,1,1,0,15
R113,NGO,10.999687,76.916433,150,1,0,1,0,15
R114,NGO,10.998157,77.025944,75,1,0,1,0,15
R115,NGO,11.024606,76.91699,200,1,1,1,0,15
R116,NGO,11.012179,76.851992,150,1,0,1,0,15
R117,NGO,10.970674,77.017528,80,1,1,1,0,15
R118,NGO,11.078871,76.965426,200,1,0,1,0,15
R119,NGO,11.046134,77.006426,250,1,1,1,0,15
R120,NGO,11.045705,76.933449,200,1,0,1,0,15
